,Proximates Water g,Proximates Energy kcal,Proximates Energy kJ,Proximates Protein g,Proximates Total lipid (fat) g,Proximates Ash g,"Proximates Carbohydrate, by difference g","Proximates Fiber, total dietary g","Minerals Calcium, Ca mg","Minerals Iron, Fe mg","Minerals Magnesium, Mg mg","Minerals Phosphorus, P mg","Minerals Potassium, K mg","Minerals Sodium, Na mg","Minerals Zinc, Zn mg","Minerals Copper, Cu mg","Minerals Manganese, Mn mg","Minerals Selenium, Se µg","Vitamins Vitamin C, total ascorbic acid mg",Vitamins Thiamin mg,Vitamins Riboflavin mg,Vitamins Niacin mg,Vitamins Pantothenic acid mg,Vitamins Vitamin B-6 mg,"Vitamins Folate, total µg",Vitamins Folic acid µg,"Vitamins Folate, food µg","Vitamins Folate, DFE µg",Vitamins Vitamin B-12 µg,"Vitamins Vitamin A, RAE µg",Vitamins Retinol µg,"Vitamins Vitamin A, IU IU",Lipids 14:0 g,Lipids 16:0 g,Lipids 18:0 g,"Lipids Fatty acids, total monounsaturated g",Lipids 16:1 undifferentiated g,Lipids 18:1 undifferentiated g,"Lipids Fatty acids, total polyunsaturated g",Lipids 18:2 undifferentiated g,Lipids 18:3 undifferentiated g,Lipids 20:4 undifferentiated g,Lipids Cholesterol mg
Pork_Shoulder_petite_tender_boneless_separable_lean_and_fat_raw,74.57,128.0,535.0,21.65,3.91,1.08,0.0,0.0,6.0,1.07,24.0,229.0,391.0,50.0,2.16,0.09,0.011,21.5,0.0,0.831,0.6,5.312,0.982,0.65,2.0,0.0,2.0,2.0,0.59,0.0,0.0,0.0,0.033,0.637,0.332,1.324,0.086,1.222,0.469,0.393,0.011,0.053,66.0
Pork_fresh_ground_raw,61.06,263.0,1100.0,16.88,21.19,0.87,0.0,0.0,14.0,0.88,19.0,175.0,287.0,56.0,2.2,0.045,0.01,24.6,0.7,0.732,0.235,4.338,0.668,0.383,5.0,0.0,5.0,5.0,0.7,2.0,2.0,7.0,0.33,4.77,2.55,9.44,0.65,8.5,1.91,1.67,0.07,0.08,72.0
Pork_fresh_belly_raw,36.74,518.0,2167.0,9.34,53.01,0.49,0.0,0.0,5.0,0.52,4.0,108.0,185.0,32.0,1.02,0.052,0.006,8.0,0.3,0.396,0.242,4.647,0.256,0.13,1.0,0.0,1.0,1.0,0.84,3.0,3.0,10.0,0.7,11.92,6.49,24.7,1.5,22.77,5.65,5.03,0.48,0.14,72.0
Pork_Shoulder_breast_boneless_separable_lean_and_fat_raw,74.37,127.0,531.0,22.54,3.4,1.07,0.0,0.0,7.0,0.89,26.0,229.0,378.0,54.0,1.95,0.076,0.014,25.8,0.0,0.645,0.465,9.602,0.982,0.722,0.0,0.0,0.0,0.0,0.87,0.0,0.0,0.0,0.037,0.68,0.348,1.473,0.096,1.359,0.488,0.406,0.012,0.057,60.0
USDA_Commodity_pork_ground_fine_slash_coarse_frozen_raw,64.46,221.0,925.0,15.41,17.18,0.79,0.0,0.0,14.0,0.91,20.0,181.0,297.0,58.0,2.28,0.047,0.01,24.6,0.6,0.668,0.214,3.959,0.61,0.35,5.0,0.0,5.0,5.0,0.64,2.0,2.0,6.0,0.267,3.866,2.067,7.651,0.527,6.889,1.548,1.354,0.057,0.065,58.0
Pork_fresh_spareribs_separable_lean_and_fat_raw,59.75,277.0,1159.0,15.47,23.4,0.67,0.0,0.0,15.0,0.91,16.0,141.0,242.0,81.0,2.5,0.08,0.01,22.0,0.0,0.319,0.251,4.662,0.625,0.574,0.0,0.0,0.0,0.0,0.38,0.0,0.0,0.0,0.236,4.661,2.596,8.542,0.53,7.889,3.953,3.23,0.081,0.563,80.0
Pork_fresh_composite_of_trimmed_retail_cuts_(leg_loin_shoulder)_separable_lean_only_raw,73.17,134.0,562.0,21.2,4.86,1.0,0.0,0.0,13.0,0.82,24.0,216.0,363.0,59.0,2.21,0.075,0.011,33.5,0.2,0.642,0.254,5.573,0.936,0.644,2.0,0.0,2.0,2.0,0.64,1.0,1.0,2.0,0.058,1.027,0.525,2.063,0.127,1.904,0.519,0.44,0.02,0.049,64.0
Pork_fresh_loin_tenderloin_separable_lean_and_fat_raw,74.97,120.0,502.0,20.65,3.53,1.01,0.0,0.0,6.0,0.97,27.0,243.0,393.0,52.0,1.87,0.089,0.014,30.3,0.0,0.982,0.337,6.61,0.837,0.765,0.0,0.0,0.0,0.0,0.52,0.0,0.0,2.0,0.039,0.725,0.404,1.355,0.075,1.259,0.562,0.476,0.016,0.054,65.0
Pork_fresh_loin_top_loin_(roasts)_boneless_separable_lean_and_fat_raw,70.14,166.0,696.0,21.34,8.33,0.97,0.0,0.0,7.0,0.53,24.0,216.0,358.0,47.0,1.73,0.056,0.007,26.5,0.0,0.426,0.181,5.566,0.722,0.718,0.0,0.0,0.0,0.0,0.54,2.0,2.0,5.0,0.098,1.701,0.919,1.861,0.173,3.126,0.651,0.913,0.041,0.042,64.0
Pork_fresh_loin_center_loin_(chops)_bone-in_separable_lean_only_raw,73.62,127.0,533.0,21.99,3.71,1.01,0.0,0.0,18.0,0.65,26.0,220.0,362.0,58.0,1.86,0.066,0.008,36.0,0.0,0.51,0.198,6.934,0.732,0.742,0.0,0.0,0.0,0.0,0.5,0.0,0.0,0.0,0.04,0.688,0.355,1.346,0.059,1.265,0.415,0.353,0.014,0.037,69.0
Pork_fresh_composite_of_trimmed_retail_cuts_(leg_loin_shoulder_and_spareribs)_separable_lean_and_fat_raw,65.11,216.0,904.0,18.95,14.95,0.94,0.0,0.0,19.0,0.86,21.0,200.0,335.0,55.0,2.01,0.064,0.011,28.4,0.5,0.841,0.254,4.504,0.73,0.445,5.0,0.0,5.0,5.0,0.66,2.0,2.0,7.0,0.18,3.28,1.74,6.63,0.41,6.09,1.55,1.31,0.09,0.08,67.0
Pork_fresh_variety_meats_and_by-products_stomach_raw,73.5,159.0,665.0,16.85,10.14,0.63,0.0,0.0,11.0,1.01,11.0,130.0,140.0,75.0,1.85,0.169,0.038,31.1,0.0,0.051,0.201,2.48,1.22,0.034,3.0,0.0,3.0,3.0,0.3,0.0,0.0,0.0,0.125,2.264,1.591,3.59,0.202,3.32,0.892,0.724,0.021,0.11,223.0
Pork_fresh_loin_center_loin_(chops)_boneless_separable_lean_and_fat_raw,65.15,201.0,842.0,21.14,12.96,1.03,0.0,0.0,9.0,0.48,23.0,203.0,345.0,82.0,1.31,0.054,0.0,41.3,0.0,0.615,0.203,7.413,0.67,0.336,0.0,0.0,0.0,0.0,0.43,5.0,5.0,16.0,0.165,2.755,1.396,5.349,0.27,4.981,2.05,1.822,0.075,0.051,59.0
Pork_fresh_loin_top_loin_(chops)_boneless_separable_lean_and_fat_with_added_solution_raw,68.65,171.0,715.0,19.45,10.26,1.55,0.0,0.0,9.0,0.42,21.0,244.0,489.0,251.0,1.22,0.049,0.01,42.8,0.0,0.475,0.195,7.178,0.731,0.467,0.0,0.0,0.0,0.0,0.56,0.0,0.0,0.0,0.09,1.553,0.843,5.801,0.103,5.588,1.925,1.749,0.078,0.075,56.0
Pork_fresh_loin_top_loin_(chops)_boneless_separable_lean_only_with_added_solution_raw,73.53,117.0,488.0,21.09,3.48,1.68,0.22,0.0,7.0,0.41,23.0,264.0,537.0,278.0,1.28,0.048,0.011,47.9,0.0,0.518,0.21,7.813,0.75,0.497,0.0,0.0,0.0,0.0,0.41,0.0,0.0,0.0,0.039,0.659,0.331,1.256,0.081,1.147,0.379,0.3,0.009,0.041,51.0
Pork_Leg_sirloin_tip_roast_boneless_separable_lean_and_fat_raw,75.88,113.0,474.0,22.88,1.71,1.11,0.0,0.0,5.0,0.8,25.0,232.0,399.0,50.0,2.05,0.067,0.009,26.4,0.0,0.654,0.357,7.183,0.9,0.689,0.0,0.0,0.0,0.0,0.53,0.0,0.0,0.0,0.016,0.332,0.171,0.687,0.046,0.632,0.323,0.257,0.006,0.052,62.0
Pork_fresh_variety_meats_and_by-products_pancreas_raw,67.18,199.0,833.0,18.56,13.24,1.12,0.0,0.0,11.0,2.13,17.0,234.0,197.0,44.0,2.62,0.09,0.157,40.8,15.3,0.105,0.46,3.45,4.555,0.46,3.0,0.0,3.0,3.0,16.4,0.0,0.0,0.0,0.11,2.45,1.72,4.6,0.79,3.81,2.48,1.45,0.09,0.57,193.0
Pork_fresh_loin_country-style_ribs_separable_lean_only_raw,72.84,140.0,584.0,20.76,5.64,1.01,0.0,0.0,21.0,0.9,23.0,204.0,338.0,67.0,3.0,0.083,0.012,34.8,0.0,0.394,0.271,3.097,1.737,0.577,0.0,0.0,0.0,0.0,1.01,0.0,0.0,0.0,0.072,1.246,0.659,2.477,0.143,2.296,0.645,0.559,0.025,0.036,74.0
Pork_fresh_leg_(ham)_whole_separable_lean_and_fat_raw,62.47,245.0,1025.0,17.43,18.87,0.88,0.0,0.0,5.0,0.85,20.0,199.0,315.0,47.0,1.93,0.065,0.023,29.4,0.7,0.736,0.2,4.574,0.685,0.401,7.0,0.0,7.0,7.0,0.63,0.0,0.0,7.0,0.24,4.06,2.16,8.38,0.53,7.7,2.01,1.69,0.14,0.09,73.0
Pork_fresh_loin_blade_(chops_or_roasts)_bone-in_separable_lean_and_fat_raw,67.64,194.0,813.0,19.56,12.27,1.0,0.0,0.0,35.0,0.66,17.0,207.0,288.0,69.0,2.56,0.082,0.008,29.4,0.0,0.499,0.314,6.704,1.046,0.427,0.0,0.0,0.0,0.0,0.55,6.0,6.0,20.0,0.153,2.609,1.419,4.913,0.248,4.584,1.941,1.699,0.079,0.077,63.0
Pork_fresh_loin_center_rib_(chops_or_roasts)_boneless_separable_lean_and_fat_raw,66.15,211.0,883.0,19.9,14.01,0.89,0.0,0.0,5.0,0.71,20.0,193.0,384.0,42.0,1.57,0.054,0.009,32.0,0.3,0.779,0.247,4.638,0.703,0.417,6.0,0.0,6.0,6.0,0.5,0.0,2.0,6.0,0.17,3.03,1.58,6.25,0.4,5.73,1.5,1.25,0.1,0.09,60.0
Pork_fresh_loin_tenderloin_separable_lean_and_fat_with_added_solution_raw,76.1,114.0,478.0,20.16,3.14,1.54,0.0,0.0,5.0,0.91,23.0,286.0,519.0,239.0,1.72,0.102,0.01,34.7,0.0,0.745,0.333,6.382,0.819,0.746,0.0,0.0,0.0,0.0,0.52,0.0,0.0,0.0,0.034,0.642,0.358,1.198,0.067,1.112,0.503,0.424,0.014,0.052,49.0
Pork_Leg_Cap_Steak_boneless_separable_lean_and_fat_raw,75.18,123.0,515.0,21.64,3.39,1.02,0.0,0.0,7.0,0.84,22.0,207.0,365.0,73.0,3.18,0.057,0.009,25.2,0.0,0.525,0.423,7.092,0.802,0.553,1.0,0.0,1.0,1.0,0.64,0.0,0.0,0.0,0.041,0.768,0.369,1.688,0.11,1.556,0.509,0.422,0.013,0.059,63.0
Pork_fresh_variety_meats_and_by-products_jowl_raw,22.19,655.0,2741.0,6.38,69.61,0.32,0.0,0.0,4.0,0.42,3.0,86.0,148.0,25.0,0.84,0.04,0.005,1.5,0.0,0.386,0.236,4.535,0.25,0.09,1.0,0.0,1.0,1.0,0.82,3.0,3.0,9.0,0.88,15.24,8.94,32.89,2.16,30.17,8.11,7.45,0.58,0.08,90.0
Pork_fresh_shoulder_(Boston_butt)_blade_(steaks)_separable_lean_only_raw,74.31,132.0,550.0,18.73,5.71,0.88,0.0,0.0,14.0,1.2,22.0,202.0,339.0,65.0,3.36,0.102,0.013,28.2,0.0,0.558,0.384,4.387,1.567,0.521,0.0,0.0,0.0,0.0,0.91,0.0,0.0,0.0,0.067,1.224,0.68,2.484,0.139,2.308,0.62,0.517,0.019,0.065,60.0
Pork_fresh_separable_fat_raw,24.76,632.0,2645.0,9.25,65.7,0.51,0.0,0.0,14.0,0.26,6.0,84.0,333.0,47.0,0.6,0.067,0.0,9.0,0.0,0.16,0.09,2.63,0.43,0.143,0.0,0.0,0.0,0.0,0.67,26.0,26.0,86.0,0.829,13.6,7.07,28.041,1.28,26.268,13.186,11.832,0.588,0.184,72.0
Pork_fresh_loin_sirloin_(chops_or_roasts)_bone-in_separable_lean_and_fat_raw,70.29,168.0,704.0,20.48,8.96,0.95,0.0,0.0,14.0,0.82,23.0,209.0,336.0,57.0,1.95,0.088,0.012,29.2,0.0,0.492,0.277,6.093,0.839,0.756,0.0,0.0,0.0,0.0,0.56,2.0,2.0,6.0,0.106,1.835,0.985,2.157,0.186,3.342,0.754,1.015,0.047,0.043,70.0
Pork_fresh_shoulder_whole_separable_lean_and_fat_raw,64.02,236.0,987.0,17.18,17.99,0.88,0.0,0.0,15.0,1.05,18.0,182.0,302.0,65.0,2.7,0.084,0.011,25.5,0.7,0.767,0.275,3.833,0.719,0.348,5.0,0.0,5.0,5.0,0.74,2.0,2.0,7.0,0.22,3.88,2.04,8.01,0.51,7.35,1.92,1.6,0.13,0.1,71.0
Pork_fresh_loin_top_loin_(chops)_boneless_separable_lean_only_raw,72.93,127.0,530.0,22.41,3.42,1.01,0.0,0.0,5.0,0.51,27.0,234.0,387.0,49.0,1.59,0.057,0.008,34.5,0.0,0.693,0.19,8.265,0.746,0.756,0.0,0.0,0.0,0.0,0.51,0.0,0.0,0.0,0.044,0.772,0.384,1.546,0.102,1.421,0.366,0.3,0.011,0.045,66.0
Pork_fresh_variety_meats_and_by-products_tongue_raw,65.9,225.0,941.0,16.3,17.2,0.9,0.0,0.0,16.0,3.35,18.0,193.0,243.0,110.0,3.01,0.07,0.011,10.4,4.4,0.49,0.485,5.3,0.641,0.24,4.0,0.0,4.0,4.0,2.84,0.0,0.0,0.0,0.31,3.82,1.73,8.13,0.64,7.3,1.78,1.7,0.08,0.0,101.0
Pork_fresh_loin_center_rib_(chops_or_roasts)_boneless_separable_lean_only_raw,71.98,152.0,636.0,21.8,6.48,0.98,0.0,0.0,5.0,0.77,22.0,207.0,421.0,45.0,1.69,0.058,0.01,35.4,0.3,0.856,0.268,5.036,0.766,0.47,7.0,0.0,7.0,7.0,0.53,2.0,2.0,6.0,0.08,1.43,0.7,2.93,0.2,2.66,0.7,0.56,0.03,0.08,55.0
Pork_fresh_composite_of_trimmed_retail_cuts_(loin_and_shoulder_blade)_separable_lean_only_raw,72.23,144.0,602.0,21.23,5.88,1.05,0.0,0.0,17.0,0.88,23.0,209.0,384.0,54.0,1.99,0.065,0.012,32.4,0.6,0.98,0.272,4.825,0.789,0.51,5.0,0.0,5.0,5.0,0.66,2.0,2.0,7.0,0.07,1.29,0.64,2.66,0.19,2.41,0.63,0.51,0.02,0.07,60.0
Pork_fresh_loin_sirloin_(chops_or_roasts)_boneless_separable_lean_only_raw,74.3,121.0,505.0,22.81,2.59,1.3,0.0,0.0,9.0,0.56,23.0,251.0,354.0,63.0,1.72,0.069,0.011,37.4,0.0,0.61,0.256,7.348,0.728,0.611,0.0,0.0,0.0,0.0,0.49,2.0,2.0,7.0,0.033,0.566,0.3,1.099,0.072,1.011,0.413,0.335,0.008,0.058,63.0
Pork_fresh_shoulder_(Boston_butt)_blade_(steaks)_separable_lean_only_with_added_solution_raw,74.85,122.0,511.0,18.29,5.36,1.32,0.18,0.0,14.0,1.04,19.0,223.0,419.0,165.0,3.1,0.125,0.01,28.8,0.0,0.512,0.367,3.837,1.531,0.509,0.0,0.0,0.0,0.0,0.89,0.0,0.0,0.0,0.063,1.148,0.637,2.329,0.13,2.164,0.581,0.485,0.018,0.061,59.0
Pork_fresh_loin_center_loin_(chops)_bone-in_separable_lean_and_fat_raw,69.7,170.0,711.0,20.71,9.03,0.96,0.0,0.0,19.0,0.63,25.0,209.0,343.0,55.0,1.77,0.063,0.007,33.8,0.0,0.485,0.189,6.619,0.704,0.697,0.0,0.0,0.0,0.0,0.53,2.0,2.0,6.0,0.106,1.834,0.997,3.548,0.16,3.329,1.19,1.052,0.048,0.046,69.0
Pork_ground_84%_lean__slash__16%_fat_raw,64.67,218.0,911.0,17.99,16.0,0.91,0.44,0.0,15.0,0.88,16.0,161.0,244.0,68.0,1.91,0.032,0.01,30.2,0.0,0.332,0.338,6.416,0.639,0.551,2.0,0.0,2.0,2.0,0.73,0.0,0.0,0.0,0.186,3.082,1.555,6.68,0.346,6.203,2.05,1.841,0.089,0.078,68.0
Pork_fresh_shoulder_(Boston_butt)_blade_(steaks)_separable_lean_and_fat_raw,69.18,186.0,778.0,17.42,12.36,0.83,0.0,0.0,16.0,1.12,20.0,190.0,318.0,61.0,3.09,0.096,0.011,26.2,0.0,0.52,0.353,4.239,1.447,0.486,0.0,0.0,0.0,0.0,0.91,2.0,2.0,8.0,0.149,2.647,1.474,5.206,0.261,4.861,1.597,1.401,0.063,0.074,62.0
Pork_fresh_loin_tenderloin_separable_lean_only_raw,76.0,109.0,456.0,20.95,2.17,1.03,0.0,0.0,5.0,0.98,27.0,247.0,399.0,53.0,1.89,0.09,0.015,30.8,0.0,0.998,0.342,6.684,0.846,0.777,0.0,0.0,0.0,0.0,0.51,0.0,0.0,0.0,0.022,0.432,0.241,0.792,0.049,0.732,0.367,0.3,0.008,0.052,65.0
Pork_fresh_loin_center_rib_(chops_or_roasts)_bone-in_separable_lean_and_fat_raw,67.83,186.0,779.0,20.28,11.04,0.95,0.0,0.0,25.0,0.59,23.0,203.0,337.0,56.0,1.85,0.065,0.008,35.5,0.0,0.456,0.177,6.331,0.693,0.682,0.0,0.0,0.0,0.0,0.54,2.0,2.0,8.0,0.084,1.453,0.789,2.756,0.142,2.568,0.964,0.884,0.04,0.035,58.0
Pork_fresh_leg_(ham)_shank_half_separable_lean_only_raw,74.88,119.0,498.0,21.66,2.95,1.11,0.0,0.0,12.0,0.77,21.0,224.0,329.0,90.0,2.25,0.142,0.026,21.3,0.0,0.522,0.343,6.273,0.622,0.531,0.0,0.0,0.0,0.0,0.51,3.0,3.0,9.0,0.029,0.583,0.299,1.214,0.069,1.125,0.605,0.503,0.014,0.067,66.0
Pork_fresh_variety_meats_and_by-products_ears_frozen_raw,61.25,234.0,979.0,22.45,15.1,0.6,0.6,0.0,21.0,2.4,7.0,41.0,55.0,191.0,0.19,0.006,0.012,4.3,0.0,0.08,0.11,0.78,0.068,0.02,0.0,0.0,0.0,0.0,0.07,0.0,0.0,0.0,0.2,3.38,1.8,6.86,0.43,6.43,1.61,1.41,0.13,0.07,82.0
Pork_fresh_variety_meats_and_by-products_leaf_fat_raw,4.09,857.0,3586.0,1.76,94.16,0.1,0.0,0.0,1.0,0.09,1.0,19.0,31.0,5.0,0.18,0.009,0.001,8.0,0.0,0.106,0.065,1.249,0.0,0.03,0.0,0.0,0.0,0.0,0.23,0.0,0.0,0.0,1.37,26.77,17.09,37.22,1.97,35.25,7.28,6.34,0.94,0.0,110.0
Pork_fresh_shoulder_arm_picnic_separable_lean_and_fat_raw,68.34,193.0,806.0,18.71,12.51,0.98,0.0,0.0,12.0,0.57,18.0,200.0,413.0,84.0,2.15,0.072,0.01,21.9,0.0,0.585,0.246,4.518,1.017,0.44,0.0,0.0,0.0,0.0,0.57,5.0,5.0,18.0,0.154,2.581,1.329,5.367,0.262,5.015,2.474,2.182,0.102,0.084,63.0
Pork_fresh_composite_of_trimmed_retail_cuts_(loin_and_shoulder_blade)_separable_lean_and_fat_raw,69.13,177.0,741.0,20.08,10.14,0.95,0.0,0.0,16.0,0.74,23.0,205.0,345.0,54.0,2.01,0.07,0.01,31.6,0.1,0.582,0.238,5.452,0.903,0.625,1.0,0.0,1.0,1.0,0.64,2.0,2.0,7.0,0.123,2.154,1.16,3.768,0.231,3.952,1.122,1.093,0.056,0.056,65.0
Pork_fresh_composite_of_separable_fat_with_added_solution_raw,38.32,508.0,2126.0,9.27,52.33,0.72,0.0,0.0,22.0,0.47,9.0,121.0,191.0,81.0,0.9,0.055,0.006,11.1,0.0,0.204,0.103,3.23,0.611,0.275,0.0,0.0,0.0,0.0,1.47,0.0,0.0,0.0,0.646,11.205,6.252,21.538,0.985,20.184,7.532,6.785,0.328,0.118,83.0
Pork_fresh_variety_meats_and_by-products_spleen_raw,78.43,100.0,418.0,17.86,2.59,1.53,0.0,0.0,10.0,22.32,13.0,260.0,396.0,98.0,2.54,0.131,0.072,32.8,28.5,0.13,0.3,5.867,1.055,0.06,4.0,0.0,4.0,4.0,3.26,0.0,0.0,0.0,0.06,0.46,0.33,0.69,0.1,0.59,0.19,0.19,0.0,0.0,363.0
Pork_fresh_variety_meats_and_by-products_liver_raw,71.06,134.0,561.0,21.39,3.65,1.44,2.47,0.0,9.0,23.3,18.0,288.0,273.0,87.0,5.76,0.677,0.344,52.7,25.3,0.283,3.005,15.301,6.65,0.69,212.0,0.0,212.0,212.0,26.0,6502.0,6502.0,21650.0,0.02,0.44,0.7,0.52,0.03,0.46,0.87,0.35,0.03,0.44,301.0
Pork_fresh_leg_(ham)_rump_half_separable_lean_and_fat_raw,68.64,182.0,763.0,20.27,10.63,1.05,0.0,0.0,12.0,0.62,20.0,216.0,356.0,73.0,1.7,0.079,0.009,19.7,0.0,0.498,0.309,5.623,0.63,0.506,0.0,0.0,0.0,0.0,0.4,5.0,5.0,16.0,0.132,2.186,1.142,4.445,0.212,4.157,2.156,1.901,0.085,0.081,63.0
Pork_fresh_carcass_separable_lean_and_fat_raw,49.83,376.0,1573.0,13.91,35.07,0.72,0.0,0.0,19.0,0.69,13.0,155.0,253.0,42.0,1.59,0.055,0.011,28.4,0.4,0.595,0.207,3.846,0.526,0.284,4.0,0.0,4.0,4.0,0.61,2.0,2.0,8.0,0.44,7.65,4.2,15.93,0.99,14.66,3.8,3.3,0.29,0.11,74.0
Pork_fresh_variety_meats_and_by-products_heart_raw,76.21,118.0,494.0,17.27,4.36,0.84,1.33,0.0,5.0,4.68,19.0,169.0,294.0,56.0,2.8,0.408,0.063,10.4,5.3,0.613,1.185,6.765,2.515,0.39,4.0,0.0,4.0,4.0,3.79,8.0,8.0,25.0,0.08,0.59,0.45,1.02,0.1,0.9,1.12,0.77,0.08,0.27,131.0
Pork_fresh_leg_(ham)_shank_half_separable_lean_and_fat_raw,67.69,193.0,807.0,19.87,11.96,1.03,0.0,0.0,12.0,0.69,19.0,204.0,329.0,84.0,2.02,0.131,0.022,19.5,0.0,0.47,0.307,5.75,0.594,0.475,0.0,0.0,0.0,0.0,0.54,6.0,6.0,20.0,0.144,2.452,1.272,5.067,0.243,4.736,2.412,2.13,0.097,0.084,67.0
Pork_fresh_shoulder_(Boston_butt)_blade_(steaks)_separable_lean_and_fatwith_added_solution_raw,70.36,169.0,709.0,17.19,11.12,1.25,0.16,0.0,15.0,0.97,18.0,211.0,391.0,155.0,2.83,0.116,0.01,26.6,0.0,0.474,0.335,3.763,1.418,0.48,0.0,0.0,0.0,0.0,0.96,0.0,0.0,0.0,0.134,2.382,1.326,4.686,0.235,4.375,1.434,1.258,0.056,0.068,62.0
Pork_cured_ham_center_slice_country-style_separable_lean_only_raw,55.93,195.0,816.0,27.8,8.32,7.65,0.3,0.0,10.0,1.11,25.0,318.0,510.0,2695.0,2.81,0.108,0.048,25.8,0.0,0.567,0.242,3.881,0.402,0.42,5.0,0.0,5.0,5.0,0.88,0.0,0.0,0.0,0.11,1.76,0.86,3.821,0.32,3.501,0.97,0.77,0.09,0.11,70.0
Pork_fresh_backfat_raw,7.69,812.0,3397.0,2.92,88.69,0.7,0.0,0.0,2.0,0.18,2.0,38.0,65.0,11.0,0.37,0.018,0.002,8.0,0.1,0.084,0.051,0.985,0.115,0.04,1.0,0.0,1.0,1.0,0.18,5.0,5.0,15.0,1.12,19.45,11.39,41.95,2.75,38.48,10.35,9.5,0.74,0.11,57.0
Pork_fresh_variety_meats_and_by-products_kidneys_raw,80.06,100.0,418.0,16.46,3.25,1.17,0.0,0.0,9.0,4.89,17.0,204.0,229.0,121.0,2.75,0.622,0.123,190.0,13.3,0.34,1.697,8.207,3.13,0.44,42.0,0.0,42.0,42.0,8.49,59.0,59.0,198.0,0.04,0.58,0.41,1.07,0.09,0.97,0.26,0.17,0.01,0.08,319.0
Pork_fresh_loin_whole_separable_lean_and_fat_raw,66.92,198.0,828.0,19.74,12.58,0.96,0.0,0.0,18.0,0.79,21.0,197.0,356.0,50.0,1.74,0.056,0.011,33.2,0.6,0.901,0.248,4.58,0.723,0.472,1.0,0.0,1.0,1.0,0.53,2.0,2.0,7.0,0.16,2.72,1.42,5.61,0.36,5.14,1.34,1.11,0.09,0.08,63.0
Pork_fresh_variety_meats_and_by-products_mechanically_separated_raw,56.87,304.0,1272.0,15.03,26.54,1.56,0.0,0.0,315.0,4.25,16.0,200.0,298.0,50.0,2.44,0.082,0.011,32.9,0.7,0.697,0.201,3.171,0.59,0.37,3.0,0.0,3.0,3.0,0.58,3.0,3.0,10.0,0.22,6.13,3.37,12.26,0.44,11.41,2.44,2.14,0.16,0.05,77.0
Pork_fresh_backribs_separable_lean_and_fat_raw,63.47,224.0,936.0,19.07,16.33,1.03,0.0,0.0,31.0,0.76,16.0,154.0,247.0,87.0,2.54,0.091,0.008,30.7,0.0,0.457,0.305,6.776,0.818,0.422,0.0,0.0,0.0,0.0,0.56,7.0,7.0,22.0,0.21,3.549,1.903,6.861,0.342,6.41,2.676,2.368,0.11,0.08,69.0
Pork_fresh_variety_meats_and_by-products_chitterlings_raw,76.11,182.0,764.0,7.64,16.61,0.2,0.0,0.0,16.0,1.02,6.0,48.0,18.0,24.0,1.02,0.076,0.051,15.1,1.1,0.02,0.091,0.215,0.227,0.014,3.0,0.0,3.0,3.0,0.82,0.0,0.0,0.0,0.232,4.057,3.152,5.367,0.263,4.994,0.996,0.799,0.028,0.095,154.0
Pork_fresh_composite_of_trimmed_leg_loin_shoulder_and_spareribs_(includes_cuts_to_be_cured)_separable_lean_and_fat_raw,65.99,211.0,884.0,18.22,14.79,0.88,0.0,0.0,11.0,0.89,21.0,195.0,319.0,57.0,2.27,0.075,0.014,28.5,0.3,0.622,0.255,4.73,0.899,0.504,3.0,0.0,3.0,3.0,0.67,1.0,1.0,6.0,0.179,3.141,1.693,6.102,0.377,5.82,1.726,1.506,0.091,0.116,69.0
Pork_fresh_loin_blade_(chops_or_roasts)_bone-in_separable_lean_only_raw,72.84,143.0,599.0,21.22,5.84,1.07,0.0,0.0,30.0,0.71,18.0,226.0,313.0,73.0,2.74,0.081,0.009,31.6,0.0,0.54,0.338,7.113,1.115,0.466,0.0,0.0,0.0,0.0,0.53,3.0,3.0,9.0,0.069,1.208,0.656,2.301,0.132,2.133,0.805,0.673,0.028,0.067,59.0
Pork_fresh_enhanced_loin_tenderloin_separable_lean_only_raw,76.91,106.0,443.0,20.39,2.09,1.56,0.0,0.0,4.0,0.92,23.0,290.0,527.0,243.0,1.73,0.103,0.011,35.2,0.0,0.757,0.337,6.45,0.824,0.756,0.0,0.0,0.0,0.0,0.5,0.0,0.0,0.0,0.021,0.415,0.231,0.762,0.047,0.703,0.352,0.288,0.007,0.05,48.0
Pork_fresh_loin_center_loin_(chops)_boneless_separable_lean_only_raw,72.38,123.0,514.0,23.75,3.09,1.14,0.0,0.0,6.0,0.48,26.0,221.0,386.0,87.0,1.42,0.048,0.0,46.9,0.0,0.69,0.203,8.21,0.7,0.363,0.0,0.0,0.0,0.0,0.41,1.0,1.0,4.0,0.03,0.5,0.251,0.958,0.062,0.876,0.287,0.231,0.007,0.028,56.0
Pork_fresh_loin_blade_(chops_or_roasts)_boneless_separable_lean_and_fat_only_raw,69.7,157.0,656.0,20.54,7.94,1.07,0.76,0.0,6.0,0.74,21.0,233.0,372.0,64.0,1.74,0.053,0.009,37.1,0.0,0.599,0.227,6.564,0.831,0.546,0.0,0.0,0.0,0.0,0.49,4.0,4.0,14.0,0.102,1.713,0.911,3.408,0.178,3.175,1.37,1.199,0.054,0.063,59.0
Pork_fresh_loin_country-style_ribs_separable_lean_and_fat_raw,68.22,189.0,792.0,19.34,11.82,0.95,0.0,0.0,22.0,0.85,21.0,193.0,318.0,63.0,2.78,0.078,0.011,32.3,0.0,0.375,0.253,3.082,1.609,0.539,0.0,0.0,0.0,0.0,1.0,2.0,2.0,8.0,0.084,1.453,0.792,2.762,0.141,2.575,0.966,0.888,0.042,0.031,74.0
Pork_fresh_loin_sirloin_(chops_or_roasts)_bone-in_separable_lean_only_raw,73.98,129.0,538.0,21.65,4.02,1.0,0.0,0.0,12.0,0.85,25.0,219.0,353.0,59.0,2.05,0.092,0.013,30.9,0.0,0.517,0.292,6.344,0.875,0.803,0.0,0.0,0.0,0.0,0.53,0.0,0.0,0.0,0.044,0.77,0.387,1.537,0.094,1.426,0.424,0.362,0.016,0.034,69.0
Pork_fresh_variety_meats_and_by-products_brain_raw,78.36,127.0,531.0,10.28,9.21,1.13,0.0,0.0,10.0,1.6,14.0,282.0,258.0,120.0,1.27,0.24,0.094,15.9,13.5,0.155,0.275,4.275,2.8,0.19,6.0,0.0,6.0,6.0,2.19,0.0,0.0,0.0,0.04,1.029,0.999,1.659,0.12,1.069,1.429,0.09,0.12,0.47,2195.0
Pork_cured_breakfast_strips_raw_or_unheated,47.41,388.0,1623.0,11.74,37.16,3.0,0.7,0.0,8.0,0.94,12.0,137.0,204.0,987.0,1.66,0.063,0.03,25.0,27.2,0.475,0.18,3.65,0.476,0.21,3.0,0.0,3.0,3.0,0.99,0.0,0.0,0.0,0.72,7.52,4.27,16.79,1.84,14.95,5.55,4.66,0.9,0.0,69.0
Pork_fresh_loin_sirloin_(chops_or_roasts)_boneless_separable_lean_and_fat_raw,73.16,133.0,555.0,22.49,4.05,1.28,0.0,0.0,9.0,0.55,22.0,247.0,354.0,63.0,1.7,0.069,0.011,36.7,0.0,0.6,0.252,7.239,0.721,0.6,0.0,0.0,0.0,0.0,0.49,3.0,3.0,8.0,0.052,0.867,0.456,1.722,0.1,1.595,0.708,0.6,0.021,0.06,63.0
Pork_fresh_shoulder_whole_separable_lean_only_raw,72.63,148.0,619.0,19.55,7.14,1.02,0.0,0.0,14.0,1.22,21.0,202.0,341.0,76.0,3.14,0.097,0.012,29.5,0.8,0.884,0.314,4.275,0.822,0.415,5.0,0.0,5.0,5.0,0.84,2.0,2.0,6.0,0.09,1.57,0.77,3.23,0.23,2.93,0.77,0.62,0.03,0.09,67.0
Pork_fresh_loin_top_loin_(roasts)_boneless_separable_lean_only_raw,73.28,132.0,553.0,22.39,4.06,1.01,0.0,0.0,5.0,0.54,26.0,225.0,374.0,49.0,1.8,0.058,0.007,27.7,0.0,0.443,0.187,5.745,0.745,0.755,0.0,0.0,0.0,0.0,0.51,0.0,0.0,0.0,0.045,0.782,0.404,1.595,0.094,1.476,0.409,0.349,0.013,0.034,63.0
Pork_fresh_shoulder_arm_picnic_separable_lean_only_raw,75.51,120.0,504.0,20.26,3.77,1.05,0.0,0.0,11.0,0.62,20.0,219.0,427.0,90.0,2.41,0.073,0.011,24.0,0.0,0.655,0.272,4.828,1.113,0.489,0.0,0.0,0.0,0.0,0.55,2.0,2.0,7.0,0.043,0.769,0.385,1.638,0.094,1.52,0.712,0.595,0.022,0.067,62.0
Pork_fresh_loin_top_loin_(chops)_boneless_separable_lean_and_fat_raw,70.38,155.0,647.0,21.55,6.94,0.97,0.0,0.0,7.0,0.5,26.0,226.0,373.0,48.0,1.55,0.056,0.007,33.1,0.0,0.667,0.185,7.988,0.727,0.726,0.0,0.0,0.0,0.0,0.53,1.0,1.0,4.0,0.088,1.523,0.805,2.985,0.166,2.771,0.878,0.763,0.033,0.051,67.0
Pork_fresh_loin_whole_separable_lean_only_raw,72.23,143.0,598.0,21.43,5.66,1.05,0.0,0.0,17.0,0.84,23.0,211.0,389.0,52.0,1.84,0.062,0.012,36.1,0.6,0.989,0.267,4.915,0.781,0.527,5.0,0.0,5.0,5.0,0.63,2.0,2.0,7.0,0.07,1.25,0.61,2.56,0.18,2.32,0.61,0.49,0.02,0.07,59.0
Pork_fresh_loin_center_rib_(chops_or_roasts)_bone-in_separable_lean_only_raw,72.4,136.0,570.0,21.79,4.8,1.01,0.0,0.0,24.0,0.61,25.0,216.0,359.0,60.0,1.97,0.068,0.009,38.3,0.0,0.484,0.186,6.685,0.725,0.735,0.0,0.0,0.0,0.0,0.5,0.0,0.0,0.0,0.058,1.01,0.525,1.999,0.122,1.846,0.524,0.449,0.018,0.039,56.0
Pork_ground_96%_lean__slash__4%_fat_raw,73.62,121.0,507.0,21.1,4.0,1.07,0.21,0.0,15.0,0.86,19.0,190.0,310.0,67.0,1.93,0.033,0.01,34.8,0.0,0.414,0.368,7.914,0.646,0.668,2.0,0.0,2.0,2.0,0.64,0.0,0.0,0.0,0.052,0.883,0.454,1.89,0.114,1.756,0.66,0.547,0.027,0.068,59.0
Pork_fresh_leg_(ham)_rump_half_separable_lean_only_raw,74.78,120.0,500.0,21.81,2.93,1.12,0.0,0.0,12.0,0.67,22.0,235.0,359.0,76.0,1.85,0.08,0.01,21.2,0.0,0.545,0.34,6.042,0.658,0.557,0.0,0.0,0.0,0.0,0.36,2.0,2.0,7.0,0.035,0.591,0.314,1.148,0.063,1.067,0.615,0.513,0.015,0.067,62.0
Pork_fresh_loin_blade_(chops_or_roasts)_boneless_separable_lean_only_raw,72.94,123.0,513.0,21.35,3.78,1.11,0.82,0.0,6.0,0.77,22.0,244.0,375.0,65.0,1.82,0.052,0.01,39.1,0.0,0.631,0.237,6.848,0.86,0.575,0.0,0.0,0.0,0.0,0.49,3.0,3.0,9.0,0.05,0.857,0.468,1.635,0.099,1.513,0.52,0.434,0.016,0.054,58.0
Pork_cured_salt_pork_raw,11.0,748.0,3130.0,5.05,80.5,3.65,0.0,0.0,6.0,0.44,7.0,52.0,66.0,2684.0,0.9,0.05,0.005,5.8,0.0,0.215,0.061,1.62,0.205,0.08,1.0,0.0,1.0,1.0,0.29,0.0,0.0,0.0,1.05,17.67,10.33,37.94,2.5,34.93,9.4,8.63,0.65,0.08,86.0
Pork_fresh_leg_(ham)_whole_separable_lean_only_raw,72.9,136.0,569.0,20.48,5.41,1.05,0.0,0.0,6.0,1.01,25.0,229.0,369.0,55.0,2.27,0.075,0.029,35.4,0.9,0.875,0.228,5.338,0.805,0.5,9.0,0.0,9.0,9.0,0.71,2.0,2.0,6.0,0.07,1.19,0.58,2.44,0.17,2.22,0.58,0.47,0.02,0.07,68.0
Pork_loin_fresh_backribs_bone-in_raw_lean_only,68.57,172.0,719.0,20.85,9.84,1.1,0.0,0.0,26.0,0.84,17.0,165.0,268.0,95.0,2.73,0.091,0.009,33.3,0.0,0.496,0.331,7.247,0.855,0.465,0.0,0.0,0.0,0.0,0.54,3.0,3.0,11.0,0.127,2.145,1.133,4.278,0.229,3.987,1.532,1.336,0.06,0.069,66.0
Pork_fresh_variety_meats_and_by-products_feet_raw,64.99,212.0,889.0,23.16,12.59,0.68,0.0,0.0,70.0,0.58,6.0,75.0,63.0,132.0,0.76,0.07,0.0,23.3,0.0,0.026,0.106,1.13,0.303,0.053,10.0,0.0,10.0,10.0,0.52,0.0,0.0,0.0,0.154,2.464,0.905,6.289,0.493,5.682,1.092,0.93,0.043,0.053,88.0
Pork_fresh_variety_meats_and_by-products_tail_raw,46.05,378.0,1582.0,17.75,33.5,0.5,0.0,0.0,18.0,0.99,8.0,50.0,349.0,63.0,2.31,0.084,0.011,2.7,0.0,0.21,0.11,2.06,0.673,0.37,5.0,0.0,5.0,5.0,0.88,0.0,0.0,0.0,0.53,7.6,3.51,15.8,1.22,14.58,3.68,3.19,0.28,0.21,97.0
Pork_fresh_variety_meats_and_by-products_lungs_raw,79.52,85.0,356.0,14.08,2.72,0.8,0.0,0.0,7.0,18.9,14.0,196.0,303.0,153.0,2.03,0.083,0.017,17.8,12.3,0.085,0.43,3.345,0.9,0.1,3.0,0.0,3.0,3.0,2.75,0.0,0.0,0.0,0.02,0.63,0.29,0.61,0.05,0.56,0.34,0.12,0.0,0.18,320.0
